Transactions,Conflicts,ConflictPercentage
200,133,66.5
700,453,64.71428571428571
1200,640,53.333333333333336
1700,724,42.58823529411765
2200,797,36.22727272727273
2700,822,30.444444444444446
3200,779,24.34375
3700,808,21.83783783783784
4200,813,19.357142857142858
4700,784,16.680851063829788
